{
    "amount_array": [
        624.01,
        624.01,
        623.53836,
        623.53836,
        623.54066,
        623.54066,
        623.54065,
        623.53846,
        623.53836,
        623.53836
    ],
    "date_array": [
        1389173189.0,
        1389173198.0,
        1389173198.0,
        1389173265.0,
        1389173339.0,
        1389173528.0,
        1389173534.0,
        1389173545.0,
        1389173545.0,
        1389173668.0
    ],
    "price_array": [
        0.2,
        0.09767,
        0.01357976,
        0.14896024,
        0.2,
        0.1763,
        0.40633,
        0.2,
        1.8,
        0.1237
    ],
    "value_array": []
}